phrasal_type,phrase,ngram,CES,Mturk_result,Multiple_label_yes,Final_edit_yes,CNP_specific_yes,Frequency_over_10_yes
VP,access trail,2,Recreational,Recreational,,,,
VP,add short walk,3,Recreational,Recreational,,,,
VP,admire andean landscape,3,Aesthetic,Aesthetic,,,CNP,
VP,admire beauty,2,Aesthetic,Aesthetic,,,,
VP,admire landscape,2,Aesthetic,Aesthetic,,,,
VP,admire nature,2,Aesthetic,Aesthetic,,,,
VP,admire wonder of nature,4,Aesthetic,Aesthetic,,,,
NP,adrenaline experience,2,Spiritual,Spiritual,,,,
NP,adrenaline ride,2,Recreational,Recreational,,,,
VP,adventure to,2,Recreational,Recreational,,,,
NP,adventure walk,2,Recreational,Recreational,,,,
NP,afternoon stroll,2,Recreational,Recreational,,,,
NP,alpaca and llama,3,Biological,Biological,,,,
NP,alpaca on hill,3,Biological,Recreational,,"replaced, second frequent CES",CNP,
NP,alpine flora,2,Biological,Biological,,,,
NP,alpine flower,2,Biological,Biological,,,,
NP,alpine forest,2,Biological,Biological,,,CNP,
NP,alpine grass,2,Biological,Biological,,,,
NP,alpine lake,2,Aesthetic,Aesthetic,,,,
NP,alpine plant,2,Biological,Biological,,,,
NP,alpine tundra,2,Biological,Biological,,,,
NP,alpine wilderness,2,Identity,Identity,Y,,,
NP,alpine wilderness,2,Biological,Identity,Y,"added, second frequent CES",,
NP,alpine wildflower,2,Biological,Biological,,,,
NP,amazing beauty,2,Aesthetic,Aesthetic,,,,
NP,amazing hike,2,Recreational,Recreational,,,,
NP,amazing hiking,2,Recreational,Recreational,,,,
NP,amazing landscape,2,Aesthetic,Aesthetic,,,,
NP,amazing mountain,2,Aesthetic,Aesthetic,,,,
NP,amazing national park,3,Aesthetic,Aesthetic,,,,
NP,amazing nature,2,Aesthetic,Aesthetic,,,,
NP,amazing park,2,Identity,Identity,,,,
NP,amazing photo,2,Aesthetic,Aesthetic,,,,
NP,amazing place,2,Aesthetic,Aesthetic,,,,Y
NP,amazing plant,2,Biological,Biological,,,,
NP,amazing plant life,3,Biological,Biological,,,,
NP,amazing scenery,2,Aesthetic,Aesthetic,,,,Y
NP,amazing vegetation,2,Biological,Biological,,,,
NP,amazing view,2,Aesthetic,Aesthetic,,,,Y
NP,amazing vista,2,Aesthetic,Aesthetic,,,,
NP,american condor,2,Biological,Biological,,,,
NP,andean condor,2,Biological,Biological,,,CNP,
NP,andean duck,2,Biological,Biological,,,CNP,
NP,andean forest,2,Biological,Biological,,,CNP,
NP,andean gull,2,Biological,Biological,,,CNP,
NP,andean landscape,2,Biological,Biological,Y,,CNP,Y
NP,andean landscape,2,Aesthetic,Biological,Y,"added, manually",CNP,Y
NP,andean moorland,2,Biological,Biological,,,CNP,
NP,andean mountain,2,Identity,Identity,,,CNP,
NP,andean nature,2,Identity,Identity,,,CNP,
NP,andean paramo,2,Identity,Identity,Y,,CNP,
NP,andean paramo,2,Biological,Identity,Y,"added, second frequent CES",CNP,
NP,andean park,2,Biological,Biological,,,CNP,
NP,andean toucan,2,Biological,Biological,,,CNP,
NP,andean turkey,2,Biological,Biological,,,CNP,
NP,andean vegetation,2,Biological,Biological,,,CNP,
NP,animal life,2,Biological,Biological,,,,
VP,appreciate beauty of lake,4,Aesthetic,Aesthetic,,,,
VP,appreciate endemic flora,3,Biological,Biological,,,,
VP,appreciate great variety of plant,5,Biological,Biological,,,,
VP,appreciate landscape,2,Aesthetic,Aesthetic,,,,
VP,appreciate nature,2,Spiritual,Spiritual,,,,
VP,appreciate park,2,Aesthetic,Aesthetic,,,,
VP,appreciate plant and animal,4,Biological,Biological,,,,
VP,appreciate solitude,2,Spiritual,Spiritual,,,,
NP,appreciation of Andes Mountains,4,Identity,Identity,,,CNP,
NP,appreciation of fauna,3,Biological,Biological,,,,
VP,arrange horseback ride,3,Recreational,Recreational,,,,
VP,attempt big hike,3,Recreational,Recreational,,,,
VP,attempt hike,2,Recreational,Recreational,,,,
NP,attractive place,2,Aesthetic,Aesthetic,,,,
NP,awesome place,2,Aesthetic,Aesthetic,,,,
NP,awesome view,2,Aesthetic,Aesthetic,,,,
NP,baby llama,2,Biological,Biological,,,,
VP,be alone with nature,4,Spiritual,Spiritual,,,,
VP,be also ideal for fishing,5,Recreational,Recreational,,,,
VP,be at altitude,3,Identity,Identity,,,,
VP,be at high altitude,4,Recreational,Recreational,,,,
VP,be at peace,3,Spiritual,Spiritual,,,,
VP,be at peace with nature,5,Spiritual,Spiritual,,,,
VP,be away from city,4,Spiritual,Spiritual,,,,
VP,be away from civilization,4,Spiritual,Spiritual,,,,
VP,be bird,2,Biological,Biological,,,,
VP,be great escape from city,5,Spiritual,Spiritual,,,,
VP,be high in altitude,4,Identity,Identity,,,,
VP,be in contact with nature,5,Spiritual,Spiritual,,,,Y
VP,be in mountain,3,Recreational,Recreational,,,,
VP,be in silence,3,Spiritual,Spiritual,,,,
VP,be in touch with nature,5,Spiritual,Spiritual,,,,
VP,be interested in botany,4,Biological,Biological,,,,
VP,be interested in plant,4,Biological,Biological,,,,
VP,be intermittent mist,3,Identity,Spiritual,,"replaced, manually",,
VP,be intermittent mist and shower,5,Identity,Aesthetic,,"replaced, manually",,
VP,be into serious hiking,4,Recreational,Recreational,,,,
VP,be lake,2,Aesthetic,Identity,,"replaced, manually",,
VP,be life source,3,Spiritual,Spiritual,,,,
VP,be lot of andean wildlife,5,Biological,Biological,,,CNP,
VP,be lot of fog,4,Identity,Biological,,"replaced, manually",,
VP,be lot of wind,4,Identity,Identity,,,,
VP,be many trail to hike,5,Recreational,Recreational,,,,
VP,be most wet forest,4,Biological,Biological,,,,
VP,be on hike,3,Recreational,Recreational,,,,
VP,be rough walking,3,Recreational,Recreational,,,,
VP,be source of inspiration,4,Spiritual,Spiritual,,,,
VP,be together with family,4,Social,Social,,,,
VP,be variety of hiking trail,5,Recreational,Recreational,,,,
VP,be water source of city,5,Identity,Identity,,,,
VP,be with friend,3,Social,Social,,,,
NP,beautiful and magical place,4,Aesthetic,Aesthetic,,,,
NP,beautiful andean landscape,3,Aesthetic,Aesthetic,,,CNP,
NP,beautiful animal,2,Biological,Biological,,,,
NP,beautiful area,2,Aesthetic,Aesthetic,,,,
NP,beautiful bird,2,Biological,Aesthetic,Y,"added, second frequent CES",,
NP,beautiful bird,2,Aesthetic,Aesthetic,Y,,,
NP,beautiful country,2,Identity,Aesthetic,,"replaced, manually",,
NP,beautiful drive,2,Aesthetic,Aesthetic,,,,
NP,beautiful ecuador,2,Aesthetic,Aesthetic,,,CNP,
NP,beautiful environment,2,Aesthetic,Aesthetic,,,,
NP,beautiful flora,2,Biological,Biological,,,,
NP,beautiful flower,2,Aesthetic,Aesthetic,Y,,,
NP,beautiful flower,2,Biological,Aesthetic,Y,"added, manually",,
NP,beautiful forest,2,Aesthetic,Aesthetic,Y,,,
NP,beautiful forest,2,Aesthetic,Aesthetic,Y,,,
NP,beautiful high altitude,3,Aesthetic,Aesthetic,,,,
NP,beautiful high mountain,3,Aesthetic,Aesthetic,,,,
NP,beautiful highland,2,Aesthetic,Aesthetic,,,,
NP,beautiful hike,2,Recreational,Recreational,,,,
NP,beautiful lagoon,2,Aesthetic,Aesthetic,,,,Y
NP,beautiful lake,2,Aesthetic,Aesthetic,,,,Y
NP,beautiful landscape,2,Aesthetic,Aesthetic,,,,Y
NP,beautiful mountain,2,Aesthetic,Aesthetic,,,,Y
NP,beautiful national park,3,Aesthetic,Aesthetic,,,,Y
NP,beautiful natural landscape,3,Aesthetic,Aesthetic,,,,
NP,beautiful natural park,3,Aesthetic,Aesthetic,,,,
NP,beautiful natural site,3,Aesthetic,Aesthetic,,,,
NP,beautiful nature,2,Aesthetic,Aesthetic,,,,Y
NP,beautiful paradise,2,Aesthetic,Aesthetic,,,,
NP,beautiful paramo,2,Aesthetic,Aesthetic,,,CNP,
NP,beautiful park,2,Aesthetic,Aesthetic,,,,Y
NP,beautiful place,2,Aesthetic,Aesthetic,,,,Y
NP,beautiful polylepis,2,Aesthetic,Aesthetic,Y,,CNP,
NP,beautiful polylepis,2,Biological,Aesthetic,Y,"added, manually",CNP,
NP,beautiful scenery,2,Aesthetic,Aesthetic,,,,Y
NP,beautiful sight,2,Aesthetic,Aesthetic,,,,
NP,beautiful site,2,Aesthetic,Aesthetic,,,,
NP,beautiful space,2,Aesthetic,Aesthetic,,,,
NP,beautiful tourist site,3,Aesthetic,Aesthetic,,,,
NP,beautiful trail,2,Aesthetic,Aesthetic,,,,
NP,beautiful vegetation,2,Aesthetic,Aesthetic,,,,
NP,beautiful view,2,Aesthetic,Aesthetic,,,CNP,Y
NP,beautiful visit,2,Aesthetic,Aesthetic,,,,
NP,beautiful vista,2,Aesthetic,Aesthetic,,,,
NP,beautiful walk,2,Aesthetic,Aesthetic,Y,,,
NP,beautiful walk,2,Recreational,Aesthetic,Y,"added, manually",,
NP,beautiful waterfall,2,Aesthetic,Aesthetic,,,,
NP,beauty and peace,3,Aesthetic,Aesthetic,,,,
NP,beauty and spirituality,3,Spiritual,Spiritual,,,,
NP,beauty and tranquility,3,Aesthetic,Aesthetic,,,,
NP,beauty of lagoon,3,Aesthetic,Aesthetic,,,,
NP,beauty of landscape,3,Aesthetic,Aesthetic,,,,
NP,beauty of mountain,3,Aesthetic,Aesthetic,,,,
NP,beauty of nature,3,Aesthetic,Aesthetic,,,,
VP,become green subtropical forest,4,Identity,Identity,Y,,,
VP,become green subtropical forest,4,Biological,Identity,Y,"added, second frequent CES",,
NP,beloved Ecuador,2,Aesthetic,Aesthetic,,,CNP,
NP,big lake,2,Aesthetic,Aesthetic,,,,
NP,biodiverse national park,3,Biological,Biological,,,,
NP,bird and flora,3,Biological,Biological,,,,
NP,bird and flower,3,Biological,Biological,,,,
NP,bird and llama,3,Biological,Biological,,,,
NP,bird and plant,3,Biological,Biological,,,,
NP,bird life,2,Biological,Biological,,,,
NP,bird specie,2,Biological,Biological,,,,
NP,bird watching,2,Recreational,Recreational,,,,Y
VP,breathe deeply,2,Spiritual,Spiritual,,,,
VP,breathe fresh air,3,Spiritual,Spiritual,,,,Y
VP,breathe in,2,Spiritual,Spiritual,,,,
VP,breathe peace,2,Spiritual,Spiritual,,,,
VP,breathe peace and tranquility,4,Spiritual,Spiritual,,,,
VP,breathe pure air,3,Spiritual,Spiritual,,,,
VP,breathe so much peace,4,Spiritual,Spiritual,,,,
NP,breathtaking landscape,2,Aesthetic,Aesthetic,,,,
NP,breathtaking park,2,Aesthetic,Aesthetic,,,,
NP,breathtaking picture,2,Aesthetic,Aesthetic,,,,
NP,breathtaking view,2,Aesthetic,Aesthetic,,,,Y
NP,breathtaking vista,2,Aesthetic,Aesthetic,,,,
NP,brewery in ruin,3,Cultural,Cultural,,,,
VP,bring kid,2,Social,Social,,,,
NP,bromeliad and orchid,3,Biological,Biological,,,,
VP,camp alone,2,Recreational,Recreational,,,,
VP,camp night,2,Recreational,Recreational,,,,
VP,camp overnight,2,Recreational,Recreational,,,,
VP,camp there,2,Recreational,Recreational,,,,
NP,camp trip,2,Recreational,Recreational,,,,
NP,camp with friend,3,Social,Social,,,,
NP,camping at night,3,Recreational,Recreational,,,,
NP,camping day,2,Recreational,Recreational,,,,
NP,camping trip,2,Recreational,Recreational,,,,
NP,camping with friend,3,Social,Social,,,,
VP,carry fishing rod,3,Recreational,Recreational,,,,
VP,catch fish,2,Recreational,Recreational,,,,
VP,catch trout,2,Recreational,Recreational,,,,
VP,change weather,2,Biological,Biological,,,,
NP,chapel of virgin,3,Spiritual,Spiritual,,,CNP,
NP,charm and mystery,3,Spiritual,Spiritual,,,,
NP,charming lagoon,2,Aesthetic,Aesthetic,,,,
NP,charming place,2,Aesthetic,Aesthetic,,,,
NP,chilly weather,2,Identity,Aesthetic,,"replaced, manually",,
NP,circuit around lagoon,3,Recreational,Recreational,,,,
NP,circuit for trekking,3,Recreational,Recreational,,,,
NP,clean air,2,Biological,Biological,,,,Y
VP,clear mind,2,Spiritual,Spiritual,,,,
VP,clear mind of everyday life,5,Spiritual,Spiritual,,,,
NP,clear sky,2,Aesthetic,Aesthetic,,,,
VP,climb down,2,Recreational,Recreational,,,,
VP,climb high viewpoint,3,Recreational,Recreational,,,,
VP,climb hill,2,Recreational,Recreational,,,,
VP,climb in mountain,3,Recreational,Recreational,,,,
VP,climb mountain,2,Recreational,Recreational,,,,
VP,climb rock,2,Recreational,Recreational,,,,
VP,climb to top,3,Recreational,Recreational,,,,
VP,climb up,2,Recreational,Recreational,,,,
VP,climb up mountain,3,Recreational,Recreational,,,,
NP,cloud and rain,3,Biological,Biological,,,,
NP,cloud fog,2,Identity,Identity,,,,
NP,cloud forest,2,Biological,Biological,,,,Y
NP,cloud formation,2,Aesthetic,Aesthetic,Y,,,
NP,cloud formation,2,Identity,Aesthetic,Y,"added, second frequent CES",,
NP,cloud in front,3,Aesthetic,Aesthetic,,,,
NP,coca tea,2,Biological,Biological,Y,,,
NP,coca tea,2,Cultural,Biological,Y,"added, second frequent CES",,
NP,cold paradise,2,Aesthetic,Aesthetic,Y,,,
NP,cold paradise,2,Identity,Aesthetic,Y,"added, second frequent CES",,
NP,cold place,2,Identity,Identity,,,,Y
NP,cold rainy weather,3,Biological,Biological,,,,
NP,cold weather,2,Identity,Identity,,,,Y
VP,come across llama,3,Biological,Biological,,,,
VP,come into contact with nature,5,Biological,Biological,,,,
VP,complete hike,2,Recreational,Recreational,,,,
VP,complete tour,2,Recreational,Recreational,,,,
VP,complete trail,2,Recreational,Recreational,,,,
VP,connect to nature,3,Spiritual,Spiritual,,,,
VP,connect with mother earth,4,Spiritual,Spiritual,,,,
VP,connect with nature,3,Spiritual,Spiritual,,,,Y
VP,connect with spirituality,3,Spiritual,Spiritual,,,,
NP,connection with nature,3,Spiritual,Spiritual,,,,
VP,conserve nature,2,Identity,Identity,,,,
VP,conserve water,2,Educational,Educational,Y,,,
VP,conserve water,2,Biological,Educational,Y,"added, second frequent CES",,
VP,constitute natural heritage,3,Cultural,Cultural,,,,
NP,contact with nature,3,Spiritual,Spiritual,,,,Y
VP,contemplate in silence,3,Spiritual,Spiritual,,,,
NP,continental divide,2,Identity,Identity,,,,Y
NP,cool place,2,Identity,Identity,,,,
NP,countless lagoon,2,Biological,Biological,,,,
VP,cover in native grass,4,Biological,Biological,,,,
VP,create by nature million of year,6,Biological,Biological,,,,
VP,cross evergreen cloud forest,4,Biological,Biological,,,,
NP,crystal clear lagoon,3,Aesthetic,Aesthetic,,,,
NP,crystal clear lake,3,Aesthetic,Aesthetic,,,,
NP,crystal clear water,3,Aesthetic,Aesthetic,,,,
NP,crystalline water,2,Aesthetic,Aesthetic,,,,
NP,cultural heritage of Ecuador,4,Cultural,Cultural,,,CNP,
NP,day camping,2,Recreational,Recreational,,,,
NP,day excursion,2,Recreational,Recreational,,,,
NP,day hike,2,Recreational,Recreational,,,,Y
NP,day hiking,2,Recreational,Recreational,,,,
NP,day of hiking,3,Recreational,Recreational,,,,
NP,day tour,2,Recreational,Recreational,,,,Y
NP,day trail,2,Recreational,Recreational,,,,
NP,day trek,2,Recreational,Recreational,,,,
NP,day trekking,2,Recreational,Recreational,,,,
NP,day trip,2,Recreational,Recreational,,,,Y
NP,day walk,2,Recreational,Recreational,,,,
NP,day with friend,3,Social,Social,,,,
NP,delicious trout,2,Recreational,Aesthetic,,"replaced, manually",CNP,
NP,dense fog,2,Biological,Biological,,,,
VP,describe beauty,2,Aesthetic,Aesthetic,,,,
NP,different activity,2,Recreational,Recreational,,,,
NP,different ecosystem,2,Biological,Biological,,,,
NP,different hike,2,Recreational,Recreational,,,,
NP,different lagoon,2,Aesthetic,Aesthetic,,,,
NP,different route,2,Recreational,Recreational,,,,Y
NP,different specie,2,Biological,Biological,,,,
NP,different trail,2,Recreational,Recreational,,,,Y
VP,disconnect from routine,3,Spiritual,Spiritual,,,,
VP,disconnect from world,3,Spiritual,Spiritual,,,,
NP,diverse ecosystem,2,Biological,Biological,,,,
NP,diverse fauna,2,Biological,Biological,,,,
NP,diverse flora,2,Biological,Biological,,,,
NP,diverse landscape,2,Aesthetic,Aesthetic,,,,
NP,diverse plant,2,Biological,Biological,,,,
NP,diversity of ecology,3,Biological,Biological,,,,
NP,diversity of flora,3,Biological,Biological,,,,
NP,diversity of plant,3,Biological,Biological,,,,
NP,divine landscape,2,Aesthetic,Aesthetic,,,,
VP,do as family,3,Social,Social,,,,
VP,do beautiful walk,3,Aesthetic,Aesthetic,,,,
VP,do bit of hike,4,Recreational,Recreational,,,,
VP,do boat tour,3,Recreational,Recreational,,,,
VP,do camp,2,Recreational,Recreational,,,,
VP,do camping,2,Recreational,Recreational,,,,
VP,do circuit,2,Recreational,Recreational,,,,
VP,do day hike,3,Recreational,Recreational,,,,
VP,do day trip,3,Recreational,Recreational,,,,
VP,do different activity,3,Recreational,Recreational,,,,
VP,do entire route,3,Recreational,Recreational,,,,
VP,do fishing,2,Recreational,Recreational,,,,
VP,do gorgeous hike,3,Recreational,Recreational,,,,
VP,do hike,2,Recreational,Recreational,,,,Y
VP,do hiking,2,Recreational,Recreational,,,,
VP,do hiking tour,3,Recreational,Recreational,,,,
VP,do hiking trail,3,Recreational,Recreational,,,,
VP,do horse back tour,4,Recreational,Recreational,,,,
VP,do little hiking,3,Recreational,Recreational,,,,
VP,do little walk,3,Recreational,Recreational,,,,
VP,do long trail,3,Recreational,Recreational,,,,
VP,do loop,2,Recreational,Recreational,,,,
VP,do lot of walking,4,Recreational,Recreational,,,,
VP,do other activity,3,Recreational,Recreational,,,,
VP,do pole fishing,3,Recreational,Recreational,,,,
VP,do private tour,3,Recreational,Recreational,,,,
VP,do quick hike,3,Recreational,Recreational,,,,
VP,do rock climb,3,Recreational,Recreational,,,,
VP,do route,2,Recreational,Recreational,,,,Y
VP,do serious hiking,3,Recreational,Recreational,,,,
VP,do several hike,3,Recreational,Recreational,,,,
VP,do short hike,3,Recreational,Recreational,,,,
VP,do small family excursion,4,Social,Social,,,,
VP,do small route,3,Recreational,Recreational,,,,
VP,do sport fishing,3,Recreational,Recreational,,,,
VP,do stroll,2,Recreational,Recreational,,,,
VP,do tour,2,Recreational,Recreational,,,,
VP,do trail,2,Recreational,Recreational,,,,
VP,do very easy route,4,Recreational,Recreational,,,,
VP,do walk,2,Recreational,Recreational,,,,
VP,do with friend,3,Social,Social,,,,
VP,do wonderful hike,3,Recreational,Recreational,,,,
VP,do yoga,2,Recreational,Recreational,,,,
NP,dream landscape,2,Aesthetic,Aesthetic,,,,
NP,dream place,2,Aesthetic,Aesthetic,,,,
NP,dwarf tree,2,Biological,Biological,,,,
NP,easy hike,2,Recreational,Recreational,,,,Y
NP,easy route,2,Recreational,Recreational,,,,
NP,easy trail,2,Recreational,Recreational,,,,Y
NP,easy walk,2,Recreational,Recreational,,,,
VP,eat delicious trout,3,Recreational,Recreational,,,,
VP,eat fresh trout,3,Recreational,Recreational,,,,
VP,eat good fish,3,Recreational,Recreational,,,,
VP,eat lunch,2,Social,Social,,,,
VP,eat trout,2,Recreational,Recreational,,,,Y
NP,ecological reserve,2,Biological,Biological,,,,
NP,ecuadorian bird,2,Biological,Biological,,,CNP,
NP,ecuadorian friend,2,Social,Social,,,CNP,
NP,ecuadorian high mountain,3,Identity,Identity,,,CNP,
NP,ecuadorian mountain,2,Identity,Identity,,,CNP,
NP,ecuadorian pride,2,Identity,Identity,,,CNP,
VP,educate child about ecology,4,Educational,Educational,,,,
VP,elevate spirit,2,Spiritual,Spiritual,,,,
NP,elevation change,2,Identity,Identity,,,,
NP,emblematic place,2,Identity,Identity,,,,
VP,enchant landscape,2,Aesthetic,Aesthetic,,,,
VP,enchant place,2,Spiritual,Spiritual,,,,
NP,enchanted forest,2,Spiritual,Spiritual,,,,
VP,encounter wildlife,2,Biological,Biological,,,,
NP,encounter with nature,3,Spiritual,Spiritual,,,,
NP,endemic bird,2,Biological,Biological,,,,
NP,endemic flora,2,Biological,Biological,,,,
NP,endemic plant,2,Biological,Biological,,,,
NP,endemic specie,2,Biological,Biological,,,,
VP,enjoy as family,3,Social,Social,,,,
VP,enjoy beautiful family day,4,Social,Social,,,,
VP,enjoy beautiful landscape,3,Aesthetic,Aesthetic,,,,
VP,enjoy beautiful place,3,Aesthetic,Aesthetic,,,,
VP,enjoy beautiful scenery,3,Aesthetic,Aesthetic,,,,
VP,enjoy beauty,2,Aesthetic,Aesthetic,,,,
VP,enjoy camping,2,Recreational,Recreational,,,,
VP,enjoy climate,2,Spiritual,Spiritual,,,,
VP,enjoy close encounter with nature,5,Recreational,Recreational,Y,,,
VP,enjoy close encounter with nature,5,Spiritual,Recreational,Y,"added, second frequent CES",,
VP,enjoy country life,3,Recreational,Recreational,,,,
VP,enjoy divine landscape,3,Aesthetic,Aesthetic,,,,
VP,enjoy fishing,2,Recreational,Recreational,,,,
VP,enjoy high altitude paramo landscape,5,Identity,Identity,,,CNP,
VP,enjoy hike,2,Recreational,Recreational,,,,
VP,enjoy hiking,2,Recreational,Recreational,,,,
VP,enjoy in family,3,Social,Social,,,,
VP,enjoy landscape,2,Aesthetic,Aesthetic,,,,Y
VP,enjoy lovely lunch,3,Social,Social,,,,
VP,enjoy moderately difficult walk,4,Recreational,Recreational,,,,
VP,enjoy nature,2,Aesthetic,Aesthetic,,,,Y
VP,enjoy outdoor,2,Recreational,Recreational,,,,
VP,enjoy panorama,2,Aesthetic,Aesthetic,,,,
VP,enjoy pure nature,3,Aesthetic,Aesthetic,,,,
VP,enjoy scenery,2,Aesthetic,Aesthetic,,,,
VP,enjoy silence,2,Spiritual,Spiritual,,,,
VP,enjoy solitude,2,Spiritual,Spiritual,,,,
VP,enjoy song of bird,4,Biological,Biological,,,,
VP,enjoy sublime charm,3,Spiritual,Spiritual,,,,
VP,enjoy tour,2,Recreational,Recreational,,,,
VP,enjoy tour with unique landscape,5,Identity,Identity,,,,
VP,enjoy trail,2,Recreational,Recreational,,,,
VP,enjoy trip,2,Recreational,Recreational,,,,
VP,enjoy unique landscape,3,Recreational,Recreational,,,,
VP,enjoy unique scenery,3,Aesthetic,Aesthetic,,,,
VP,enjoy unique view,3,Aesthetic,Aesthetic,,,,
VP,enjoy view,2,Aesthetic,Aesthetic,,,,
VP,enjoy walk,2,Recreational,Recreational,,,,
VP,enjoy weather,2,Recreational,Recreational,,,,
VP,enjoy wind,2,Spiritual,Spiritual,,,,
VP,enjoy with family,3,Social,Social,,,,
VP,enjoy with friend,3,Social,Social,,,,
VP,enjoy with people,3,Social,Social,,,,
VP,enrich soul,2,Spiritual,Spiritual,,,,
VP,enter refuge of spiritual peace,5,Spiritual,Spiritual,,,,
VP,escape city,2,Recreational,Recreational,,,,
VP,escape from,2,Spiritual,Spiritual,,,,
NP,escape from city,3,Spiritual,Spiritual,,,,
VP,escape from everyday life,4,Spiritual,Spiritual,,,,
NP,evergreen cloud forest,3,Biological,Biological,,,,
NP,excellent hiking,2,Recreational,Recreational,,,,
NP,excellent lagoon,2,Aesthetic,Aesthetic,Y,,,
NP,excellent lagoon,2,Identity,Aesthetic,Y,"added, second frequent CES",,
NP,excellent landscape,2,Aesthetic,Aesthetic,,,,
NP,excellent nature,2,Aesthetic,Aesthetic,,,,
NP,excellent scenery,2,Aesthetic,Aesthetic,,,,
NP,excellent site,2,Aesthetic,Aesthetic,,,,
NP,excellent view,2,Aesthetic,Aesthetic,,,,
NP,excellent walk,2,Recreational,Recreational,,,,
NP,exceptional landscape,2,Aesthetic,Aesthetic,,,,
NP,exceptional place,2,Aesthetic,Aesthetic,,,,
NP,exceptional site,2,Identity,Identity,,,,
NP,exotic bird,2,Biological,Biological,,,,
NP,exotic landscape,2,Aesthetic,Aesthetic,Y,,,
NP,exotic landscape,2,Identity,Aesthetic,Y,"added, second frequent CES",,
NP,exotic place,2,Identity,Identity,,,,
VP,experience paramo,2,Recreational,Recreational,,,CNP,
VP,experience peaceful tranquility,3,Spiritual,Spiritual,,,,
VP,explain history,2,Educational,Educational,,,,
VP,explain unique ecology,3,Educational,Educational,,,,
VP,explore lagoon,2,Recreational,Recreational,,,,
VP,explore nature,2,Recreational,Recreational,,,,
VP,explore of many trail,4,Recreational,Recreational,,,,
VP,explore park,2,Recreational,Recreational,,,,
VP,explore with friend,3,Social,Social,,,,
NP,exquisite trout,2,Recreational,Recreational,,,CNP,
NP,extraordinary beauty,2,Aesthetic,Aesthetic,,,,
NP,extraordinary landscape,2,Aesthetic,Aesthetic,,,,
NP,extraordinary place,2,Aesthetic,Aesthetic,,,,
NP,fabulous hiking,2,Recreational,Recreational,,,,
NP,fabulous view,2,Aesthetic,Aesthetic,,,,
NP,fairy tale,2,Spiritual,Spiritual,,,,
NP,family and friend,3,Social,Social,,,,
NP,family and kid,3,Social,Social,,,,
NP,family day,3,Social,Social,,,,
NP,family excursion,3,Social,Social,,,,
NP,family hike,2,Social,Social,,,,
NP,family or friend,3,Social,Social,,,,
NP,family outing,2,Social,Social,,,,
NP,family trip,2,Social,Social,,,,
NP,family vacation,3,Social,Social,,,,
NP,family walk,2,Social,Social,,,,
NP,fantastic hike,2,Recreational,Recreational,,,,
NP,fantastic landscape,2,Aesthetic,Aesthetic,,,,
NP,fantastic scenery,2,Aesthetic,Aesthetic,,,,
NP,fantastic view,2,Aesthetic,Aesthetic,,,,
NP,fascinating flora,2,Aesthetic,Aesthetic,Y,,,
NP,fascinating flora,2,Biological,Aesthetic,Y,"added, manually",,
NP,fascinating place,2,Aesthetic,Aesthetic,,,,
NP,fauna and flora,3,Biological,Biological,,,,
NP,favorite national park,3,Identity,Identity,,,,
NP,favorite spot in Ecuador,4,Recreational,Recreational,,,CNP,
NP,favourite place,2,Recreational,Recreational,,,,
NP,favourite place in Ecuador,4,Identity,Identity,,,CNP,
NP,feast for eye,3,Aesthetic,Aesthetic,,,,
VP,feature wildlife,2,Biological,Biological,,,,
VP,feel altitude,2,Spiritual,Spiritual,,,,
VP,feel freedom,2,Spiritual,Spiritual,,,,
VP,feel height,2,Identity,Identity,,,,
VP,feel in contact with nature,5,Spiritual,Spiritual,,,,
VP,feel inner peace,3,Spiritual,Spiritual,,,,
VP,feel lot of peace,4,Spiritual,Spiritual,,,,
VP,feel nature,2,Spiritual,Spiritual,,,,
VP,feel peace,2,Spiritual,Spiritual,,,,
VP,feel sense of isolation,4,Spiritual,Spiritual,,,,
VP,feel special energy,3,Spiritual,Spiritual,,,,
VP,feel timelessness,2,Spiritual,Spiritual,,,,
NP,feeling of peace,3,Spiritual,Spiritual,,,,
NP,fern and moss,3,Biological,Biological,,,,
NP,few bird,2,Biological,Biological,,,,
VP,find bear,2,Biological,Biological,,,,
VP,find chapel,2,Spiritual,Spiritual,,,,
VP,find inner peace,3,Spiritual,Spiritual,,,,
VP,find many insect,3,Biological,Biological,,,,
VP,find peace,2,Spiritual,Spiritual,,,,
VP,find peace with family,4,Social,Social,,,,
VP,find small forest,3,Identity,Identity,Y,,,
VP,find small forest,3,Biological,Identity,Y,"added, manually",,
VP,find unique place,3,Identity,Identity,,,,
VP,finish hike,2,Recreational,Recreational,,,,
VP,finish loop,2,Recreational,Recreational,,,,
VP,finish trail,2,Recreational,Recreational,,,,
VP,finish walk,2,Recreational,Recreational,,,,
NP,first hike,2,Recreational,Recreational,,,,
VP,fish and camp,3,Recreational,Recreational,,,,
VP,fish and hike,3,Recreational,Recreational,,,,
VP,fish at,2,Recreational,Recreational,,,,
VP,fish for,2,Recreational,Recreational,,,,
VP,fish in lagoon,3,Biological,Biological,,,,
VP,fish with friend,3,Social,Social,,,,
NP,fishing activity,2,Recreational,Recreational,,,,
NP,fishing and bird watching,4,Biological,Biological,,,,
NP,fishing and hiking,3,Recreational,Recreational,,,,
NP,fishing day,2,Recreational,Recreational,,,,
NP,fishing for trout,3,Recreational,Recreational,,,,
NP,fishing place,2,Recreational,Recreational,,,,
NP,fishing trip,2,Recreational,Recreational,,,,
NP,flora and fauna,3,Biological,Biological,,,,Y
NP,flora and vegetation,3,Biological,Biological,,,,
NP,flower and bird,3,Biological,Biological,,,,
NP,flower and plant,3,Biological,Biological,,,,
NP,flower and tree,3,Biological,Biological,,,,
NP,flower and vegetation,3,Biological,Biological,,,,
VP,fly fish,2,Recreational,Recreational,,,,
NP,fly fishing,2,Recreational,Recreational,,,,
NP,fog and cloud,3,Identity,Identity,,,,
NP,fog and rain,3,Biological,Biological,Y,,,
NP,fog and rain,3,Identity,Biological,Y,"added, manually",,
VP,follow trail,2,Recreational,Recreational,,,,
NP,forest of paper,3,Biological,Biological,,,CNP,
NP,forest of Polylepis,3,Biological,Biological,,,CNP,
VP,forget about everyday problem,4,Spiritual,Spiritual,,,,
VP,form ideal landscape for meditation,5,Spiritual,Spiritual,,,,
VP,form unique landscape,3,Aesthetic,Aesthetic,Y,,,
VP,form unique landscape,3,Identity,Aesthetic,Y,"added, second frequent CES",,
VP,foster spiritual peace,3,Spiritual,Spiritual,,,,
VP,free from tension,3,Spiritual,Spiritual,,,,
VP,free from tension of city,5,Spiritual,Spiritual,,,,
NP,freezing at night,3,Identity,Identity,,,,
NP,fresh air,2,Recreational,Recreational,,,,Y
NP,friend and family,3,Social,Social,,,,
NP,friend or family,3,Social,Social,,,,
NP,fun hike,2,Recreational,Recreational,,,,
NP,gem of Ecuador,3,Identity,Identity,,,CNP,
NP,geological formation,2,Identity,Identity,,,,
VP,get away from city,4,Spiritual,Spiritual,,,,
VP,get away from everyday,4,Spiritual,Spiritual,,,,
VP,get away from noise,4,Spiritual,Spiritual,,,,
VP,get great view,3,Aesthetic,Aesthetic,,,,
VP,get in touch with nature,5,Spiritual,Spiritual,,,,
VP,get into nature,3,Spiritual,Spiritual,,,,
VP,get into wild,3,Recreational,Recreational,,,,
VP,get to know andean paramo,5,Educational,Educational,,,CNP,
VP,get to know geography,4,Educational,Educational,,,,
NP,giant hummingbird,2,Biological,Biological,,,,
NP,giant lake,2,Identity,Identity,,,,
NP,gift of God,3,Spiritual,Spiritual,,,,
NP,glaci lake,2,Identity,Identity,,,,
NP,glacial lagoon,2,Identity,Identity,,,,
NP,glacial lake,2,Identity,Identity,,,,
NP,glacial time,2,Educational,Educational,,,,
VP,glimpse lot of bird,4,Biological,Biological,,,,
VP,go around,2,Recreational,Recreational,,,,Y
VP,go around lake,3,Recreational,Recreational,,,,
VP,go as family,3,Social,Social,,,,
VP,go camping,2,Recreational,Recreational,,,,
VP,go camping with friend,4,Recreational,Recreational,,,,
VP,go deep into forest for hiking,6,Recreational,Recreational,,,,
VP,go down for walk,4,Recreational,Recreational,,,,
VP,go family,2,Social,Social,,,,
VP,go family and friend,4,Social,Social,,,,
VP,go fishing,2,Recreational,Recreational,,,,
VP,go for hike,3,Recreational,Recreational,,,,
VP,go for little walk,4,Recreational,Recreational,,,,
VP,go for long walk,4,Recreational,Recreational,,,,
VP,go for lunch,3,Recreational,Recreational,,,,
VP,go for short hike,4,Recreational,Recreational,,,,
VP,go for walk,3,Recreational,Recreational,,,,Y
VP,go for walk with family,5,Social,Social,,,,
VP,go for walk with friend,5,Social,Social,,,,
VP,go into park with friend,5,Social,Social,,,,
VP,go on day trip,4,Recreational,Recreational,,,,
VP,go on family trip,4,Social,Social,,,,
VP,go on fishing trip,4,Recreational,Recreational,,,,
VP,go on hike,3,Recreational,Recreational,,,,
VP,go on motorcycle,3,Recreational,Recreational,,,,
VP,go on shortish hike,4,Recreational,Recreational,,,,
VP,go on superb hike,4,Recreational,Recreational,,,,
VP,go out for walk,4,Recreational,Recreational,,,,
VP,go prepared for fishing,4,Recreational,Recreational,,,,
VP,go small museum,3,Educational,Educational,,,,
VP,go through sanctuary,3,Spiritual,Spiritual,,,,
VP,go through small forest,4,Recreational,Recreational,,,,
VP,go to hike,3,Recreational,Recreational,,,,
VP,go to lake for fishing,5,Recreational,Recreational,,,,
VP,go to park with family,5,Social,Social,,,,
VP,go to rock climb,4,Recreational,Recreational,,,,
VP,go to top of mountain,5,Recreational,Recreational,,,,
VP,go to walk on trail,5,Recreational,Recreational,,,,
VP,go with child,3,Social,Social,,,,
VP,go with family,3,Social,Social,,,CNP,
VP,go with friend,3,Social,Social,,,,
VP,go with whole family,4,Social,Social,,,,
NP,good fishing,2,Recreational,Recreational,,,,
NP,good hike,2,Recreational,Recreational,,,,
NP,good hiking,2,Recreational,Recreational,,,,Y
NP,good hiking experience,3,Recreational,Recreational,,,,
NP,good hiking trail,3,Recreational,Recreational,,,,
NP,good landscape,2,Aesthetic,Aesthetic,,,,Y
NP,good photo,2,Aesthetic,Aesthetic,,,,
NP,good photograph,2,Aesthetic,Aesthetic,,,,
NP,good picture,2,Aesthetic,Aesthetic,,,,
NP,good trail,2,Recreational,Recreational,,,,
NP,good view,2,Aesthetic,Aesthetic,,,,
NP,good walk,2,Recreational,Recreational,,,,
NP,good walking,2,Recreational,Recreational,,,,
NP,good workout,2,Recreational,Recreational,,,,
NP,gorgeous national park,3,Aesthetic,Aesthetic,,,,
NP,gorgeous nature,2,Aesthetic,Aesthetic,,,,
NP,gorgeous park,2,Aesthetic,Aesthetic,,,,
NP,gorgeous place,2,Aesthetic,Aesthetic,,,,
NP,gorgeous scenery,2,Aesthetic,Aesthetic,,,,
NP,gorgeous view,2,Aesthetic,Aesthetic,,,,
NP,gorgeous vista,2,Aesthetic,Aesthetic,,,,
NP,great adventure,2,Recreational,Recreational,,,,
NP,great beauty,2,Aesthetic,Aesthetic,,,,
NP,great charm,2,Aesthetic,Aesthetic,,,,
NP,great day hike,3,Recreational,Recreational,,,,
NP,great hike,2,Recreational,Recreational,,,,Y
NP,great hiking,2,Recreational,Recreational,,,,Y
NP,great landscape,2,Aesthetic,Aesthetic,,,,
NP,great mountain,2,Aesthetic,Aesthetic,,,,
NP,great peace,2,Spiritual,Spiritual,,,,
NP,great photo,2,Aesthetic,Aesthetic,,,,
NP,great photo opportunity,3,Aesthetic,Aesthetic,,,,
NP,great picture,2,Aesthetic,Aesthetic,,,,
NP,great place to take photo,5,Aesthetic,Aesthetic,,,,
NP,great scenery,2,Aesthetic,Aesthetic,,,,
NP,great trail,2,Recreational,Recreational,,,,
NP,great view,2,Aesthetic,Aesthetic,,,,Y
NP,great walk,2,Recreational,Recreational,,,,
NP,greatness of nature,3,Aesthetic,Aesthetic,,,,
NP,green mountain,2,Aesthetic,Aesthetic,,,,
VP,grill trout,2,Recreational,Recreational,,,CNP,
NP,group of friend,3,Social,Social,,,,
VP,hang around lake,3,Recreational,Recreational,,,,
NP,hard hike,2,Recreational,Recreational,,,,
NP,harlequin frog,2,Biological,Biological,,,,
VP,have amazing scenery,3,Aesthetic,Aesthetic,,,,
VP,have amazing view,3,Aesthetic,Aesthetic,,,,
VP,have beautiful andean landscape,4,Aesthetic,Aesthetic,,,CNP,
VP,have beautiful lagoon,3,Aesthetic,Aesthetic,,,,
VP,have beautiful landscape,3,Aesthetic,Aesthetic,,,,
VP,have chapel,2,Spiritual,Spiritual,,,,
VP,have day trip,3,Recreational,Recreational,,,,
VP,have direct contact with nature,5,Biological,Biological,,,,
VP,have family hike,3,Recreational,Recreational,,,,
VP,have few hiking track,4,Recreational,Recreational,,,,
VP,have good hiking experience,4,Recreational,Recreational,,,,
VP,have great landscape,3,Aesthetic,Aesthetic,,,,
VP,have great time as family,5,Social,Social,,,,
VP,have great view,3,Aesthetic,Aesthetic,,,,
VP,have grotto and chapel,4,Identity,Identity,,,,
VP,have hard hike,3,Recreational,Recreational,,,,
VP,have high mountain trail,4,Recreational,Recreational,,,,
VP,have hike,2,Recreational,Recreational,,,,
VP,have incredible trail,3,Recreational,Recreational,,,,
VP,have kid,2,Social,Social,,,,
VP,have lagoon,2,Identity,Identity,,,,
VP,have large number of lagoon,5,Biological,Biological,,,,
VP,have local friend,3,Social,Social,,,,
VP,have lot of exotic place,5,Identity,Identity,,,,
VP,have lunch,2,Social,Social,,,,Y
VP,have many cathedral,3,Cultural,Cultural,,,,
VP,have many lagoon,3,Identity,Identity,,,,
VP,have many lake,3,Identity,Identity,,,,
VP,have many microclimate,3,Identity,Identity,,,,
VP,have many route,3,Recreational,Recreational,,,,
VP,have moment of peace,4,Spiritual,Spiritual,,,,
VP,have nice hiking,3,Recreational,Recreational,,,,
VP,have numerous lake,3,Aesthetic,Aesthetic,,,,
VP,have panoramic view,3,Aesthetic,Aesthetic,,,,
VP,have picnic,2,Recreational,Recreational,,,,
VP,have relaxing and interesting stroll,5,Recreational,Recreational,,,,
VP,have ritual,2,Spiritual,Spiritual,,,,
VP,have rock,2,Identity,Identity,,,,
VP,have same feeling of peace,5,Spiritual,Spiritual,,,,
VP,have sanctuary,2,Spiritual,Spiritual,,,,
VP,have several lagoon,3,Identity,Identity,,,,
VP,have several route,3,Recreational,Recreational,,,,
VP,have several trail,3,Recreational,Recreational,,,,
VP,have spectacular landscape,3,Aesthetic,Aesthetic,,,,
VP,have spectacular view,3,Aesthetic,Aesthetic,,,,
VP,have unique ecosystem,3,Biological,Biological,,,,
VP,have unique view,3,Aesthetic,Aesthetic,,,,
VP,have very unique landscape,4,Identity,Identity,,,,
VP,have viewpoint,2,Aesthetic,Aesthetic,,,,
VP,have wonderful landscape,3,Aesthetic,Aesthetic,,,,
VP,hear bird,2,Biological,Biological,,,,
VP,hear frog,2,Biological,Biological,,,,
VP,hear history,2,Educational,Educational,,,,
NP,herd of llama,3,Biological,Biological,,,,
NP,heritage of humanity,3,Cultural,Cultural,,,,
NP,heritage site,2,Cultural,Cultural,,,,
NP,high altitude,2,Identity,Identity,,,,Y
NP,high altitude lake,3,Identity,Identity,,,,
NP,high altitude nature,3,Identity,Recreational,,"replaced, manually",,
NP,high altitude park,3,Identity,Identity,,,,
NP,high Andes,2,Identity,Recreational,,"replaced, manually",CNP,
NP,high elevation,2,Identity,Identity,,,,Y
NP,high lake,2,Identity,Identity,,,,
NP,high mountain,2,Aesthetic,Aesthetic,,,,Y
NP,high viewpoint,2,Aesthetic,Aesthetic,,,,
VP,hike about,2,Recreational,Recreational,,,,
VP,hike alone,2,Recreational,Recreational,,,,
VP,hike and fish,3,Recreational,Recreational,,,,
VP,hike and fishing,3,Recreational,Recreational,,,,
VP,hike and mountaineering,3,Recreational,Recreational,,,,
VP,hike around,2,Recreational,Recreational,,,CNP,Y
NP,hike around lake,3,Recreational,Recreational,,,CNP,Y
VP,hike at altitude,3,Recreational,Recreational,,,,
VP,hike at high altitude,4,Recreational,Recreational,,,,
VP,hike back,2,Recreational,Recreational,,,,
VP,hike beautiful area,3,Recreational,Recreational,,,,
VP,hike different area,3,Recreational,Recreational,,,,
VP,hike different trail,3,Recreational,Recreational,,,,
VP,hike down,2,Recreational,Recreational,,,,
VP,hike down to lake with family,6,Recreational,Recreational,,,,
VP,hike for,2,Recreational,Recreational,,,,Y
VP,hike here,2,Recreational,Recreational,,,,
VP,hike high elevation,3,Recreational,Recreational,,,,
VP,hike in,2,Recreational,Recreational,,,CNP,Y
NP,hike in mountain,3,Recreational,Recreational,,,,
NP,hike in park,3,Recreational,Recreational,,,,
VP,hike long trail,3,Recreational,Recreational,,,,
VP,hike lot,2,Recreational,Recreational,,,,
VP,hike multiple trail,3,Recreational,Recreational,,,,
NP,hike on trail,3,Recreational,Recreational,,,,
VP,hike only,2,Recreational,Recreational,,,,
VP,hike park,2,Recreational,Recreational,,,,
VP,hike route,2,Recreational,Recreational,,,,
VP,hike through,2,Recreational,Recreational,,,,
NP,hike through forest,3,Recreational,Recreational,,,,
NP,hike through park,3,Recreational,Recreational,,,,
VP,hike too,2,Recreational,Recreational,,,,
VP,hike trail,2,Recreational,Recreational,,,,Y
VP,hike trip,2,Recreational,Recreational,,,,
VP,hike trip with friend,4,Recreational,Recreational,,,,
VP,hike twice,2,Recreational,Recreational,,,,
VP,hike up,2,Recreational,Recreational,,,,
NP,hike up mountain,3,Recreational,Recreational,,,,
VP,hike various trail,3,Recreational,Recreational,,,,
VP,hike very beautiful place,4,Recreational,Recreational,,,,
VP,hike with,2,Recreational,Recreational,,,,
VP,hike with child,3,Social,Social,,,,
NP,hike with guide,3,Recreational,Recreational,,,,
VP,hike without guide,3,Recreational,Recreational,,,,
NP,hiking and camping,3,Recreational,Recreational,,,,
NP,hiking and fishing,3,Recreational,Recreational,,,,
NP,hiking and sport fishing,4,Recreational,Recreational,,,,
NP,hiking and walking,3,Recreational,Recreational,,,,
NP,hiking experience,2,Recreational,Recreational,,,,
NP,hiking route,2,Recreational,Recreational,,,,
NP,hiking tour,2,Recreational,Recreational,,,,
NP,hiking trail,2,Recreational,Recreational,,,,Y
NP,historic center,2,Cultural,Cultural,,,,
NP,historical building,2,Cultural,Cultural,,,CNP,
NP,history of area,3,Cultural,Cultural,,,,
NP,history of people,3,Cultural,Cultural,,,,
NP,horse riding,2,Recreational,Recreational,,,,
NP,horseback riding,2,Recreational,Recreational,,,,
VP,host very diverse fauna,4,Biological,Biological,,,,
NP,huge lagoon,2,Aesthetic,Aesthetic,,,,
NP,humid area,2,Identity,Identity,,,,
NP,humid forest,2,Biological,Biological,,,,
NP,hummingbird and coatis,3,Biological,Biological,,,,
NP,hundred of lagoon,3,Identity,Identity,,,,
NP,hundred of lake,3,Identity,Identity,,,,
NP,icy wind,2,Identity,Aesthetic,,"replaced, second frequent CES",,
NP,ideal for family,3,Social,Social,,,,
NP,ideal for hiking,3,Recreational,Recreational,,,,
NP,ideal for walk,3,Recreational,Recreational,,,,
VP,identify bird,2,Biological,Biological,,,,
NP,immense peace,2,Spiritual,Spiritual,,,,
NP,impressive landscape,2,Aesthetic,Aesthetic,,,,
NP,impressive view,2,Aesthetic,Aesthetic,,,,
NP,inclement weather,2,Identity,Identity,,,,
NP,incomparable beauty,2,Aesthetic,Aesthetic,,,,
NP,incomparable landscape,2,Aesthetic,Aesthetic,,,,
NP,incredible ecosystem,2,Biological,Biological,,,,
NP,incredible hike,2,Recreational,Recreational,,,,
NP,incredible hiking,2,Recreational,Recreational,,,,
NP,incredible lagoon,2,Aesthetic,Aesthetic,,,,
NP,incredible lake,2,Aesthetic,Aesthetic,,,,
NP,incredible landscape,2,Aesthetic,Aesthetic,,,,Y
NP,incredible park,2,Identity,Identity,,,,
NP,incredible place,2,Aesthetic,Aesthetic,,,,Y
NP,incredible scenery,2,Aesthetic,Aesthetic,,,,
NP,incredible sight,2,Aesthetic,Aesthetic,,,,
NP,incredible trail,2,Recreational,Recreational,,,,
NP,incredible view,2,Aesthetic,Aesthetic,,,,Y
NP,incredible vista,2,Aesthetic,Aesthetic,,,,
NP,incredible walk,2,Recreational,Recreational,,,,
NP,indescribable beauty,2,Aesthetic,Aesthetic,,,,
NP,indescribable landscape,2,Aesthetic,Aesthetic,,,,
NP,inner peace,2,Spiritual,Spiritual,,,,
VP,inspire peace,2,Spiritual,Spiritual,,,,
VP,inspire tranquility,2,Spiritual,Spiritual,,,,
NP,interesting bird,2,Biological,Biological,,,,
NP,interesting flora,2,Biological,Biological,,,,
NP,interesting landscape,2,Aesthetic,Aesthetic,,,,
NP,interesting plant,2,Biological,Biological,,,,
NP,international importance,2,Identity,Cultural,,"replaced, manually",,
NP,international recognition,2,Identity,Identity,,,,
VP,invite for perfect spiritual connection,5,Spiritual,Spiritual,,,,
NP,jagged mountain,2,Identity,Identity,,,,
NP,jewel of nature,3,Aesthetic,Aesthetic,,,,
VP,join friend,2,Social,Social,,,,
NP,kid and family,3,Social,Social,,,,
VP,know local wildlife,3,Biological,Biological,,,,
NP,lagoon and bird,3,Biological,Biological,,,,
NP,lagoon and forest,3,Biological,Biological,,,,
NP,lagoon and landscape,3,Aesthetic,Aesthetic,,,,
NP,lagoon and llama,3,Biological,Biological,,,CNP,
NP,lagoon and mountain,3,Aesthetic,Aesthetic,,,,
NP,lagoon and nature,3,Aesthetic,Aesthetic,Y,,,
NP,lagoon and nature,3,Biological,Aesthetic,Y,"added, second frequent CES",,
NP,lagoon and stream,3,Identity,Identity,,,,
NP,lagoon and trail,3,Identity,Identity,,,,
NP,lagoon and waterfall,3,Aesthetic,Aesthetic,,,,
NP,lagoon and wetland,3,Aesthetic,Aesthetic,Y,,,
NP,lagoon and wetland,3,Biological,Aesthetic,Y,"added, second frequent CES",,
NP,lagoon mountain,2,Identity,Identity,,,,
NP,lake and lagoon,3,Identity,Identity,,,,
NP,lake and landscape,3,Aesthetic,Aesthetic,,,,
NP,lake and mountain,3,Aesthetic,Aesthetic,,,,Y
NP,lake and plant,3,Biological,Biological,,,,
NP,lake and pond,3,Identity,Identity,,,,
NP,lake and river,3,Identity,Identity,,,,
NP,lake and stream,3,Identity,Identity,,,,
NP,lake and water,3,Aesthetic,Aesthetic,,,,
NP,lake and waterfall,3,Aesthetic,Aesthetic,,,,
VP,lake for trout fishing,4,Recreational,Recreational,,,,
NP,landscape and ecosystem,3,Aesthetic,Aesthetic,Y,,,
NP,landscape and ecosystem,3,Biological,Aesthetic,Y,"added, second frequent CES",,
NP,landscape and lagoon,3,Identity,Identity,,,,
NP,landscape and nature,3,Aesthetic,Aesthetic,,,,
NP,landscape and vegetation,3,Biological,Biological,,,,
NP,landscape and view,3,Aesthetic,Aesthetic,,,,
NP,landscape between mountain,3,Aesthetic,Aesthetic,,,,
NP,landscape of lagoon,3,Aesthetic,Aesthetic,,,,
NP,landscape of mountain,3,Identity,Identity,,,,
NP,landscape of nature,3,Aesthetic,Aesthetic,,,,
NP,landscape of paramo,3,Aesthetic,Aesthetic,,,CNP,
NP,large hummingbird,2,Biological,Biological,,,,
NP,large lagoon,2,Identity,Identity,,,,
NP,large lake,2,Identity,Identity,,,,
VP,learn about different altitude,4,Educational,Educational,,,,
VP,learn about ecosystem,3,Educational,Educational,,,,
VP,learn about ecuadorian geology,4,Educational,Educational,,,CNP,
VP,learn about flora,3,Educational,Educational,,,,
VP,learn about history,3,Educational,Educational,,,,
VP,learn about park,3,Educational,Educational,,,,
VP,learn to fly fish,4,Educational,Educational,,,,
VP,leave civilisation,2,Spiritual,Spiritual,,,,
VP,listen to bird,3,Biological,Biological,,,,
VP,listen to silence,3,Spiritual,Spiritual,,,,
VP,listen to sound of bird,5,Biological,Biological,,,,
NP,little bird,2,Biological,Biological,,,,
NP,little fauna,2,Biological,Biological,,,,
NP,little lake,2,Identity,Identity,,,,
NP,little oxygen,2,Identity,Identity,,,,
NP,little plant,2,Biological,Biological,,,,
VP,live local community,3,Social,Social,,,,
NP,llama along way,3,Biological,Biological,,,,
NP,llama and alpaca,3,Biological,Biological,,,CNP,
NP,llama by side,3,Biological,Biological,,,CNP,
NP,llama grazing,2,Biological,Biological,,,,
NP,llama in wild,3,Biological,Biological,,,CNP,
NP,llama or vicu,3,Biological,Biological,,,CNP,
VP,load with good energy,4,Spiritual,Spiritual,,,,
NP,local flora,2,Biological,Biological,,,,
NP,local friend,2,Social,Social,,,,
NP,long excursion,2,Recreational,Recreational,,,,
NP,long hike,2,Recreational,Recreational,,,,Y
NP,long route,2,Recreational,Recreational,,,,
NP,long trail,2,Recreational,Recreational,,,,
NP,long walk,2,Recreational,Recreational,,,,Y
VP,look for bird,3,Recreational,Recreational,Y,,,
VP,look for bird,3,Biological,Recreational,Y,"added, second frequent CES",,
VP,look for direct contact with nature,6,Spiritual,Spiritual,,,,
VP,look for great hike,4,Recreational,Recreational,,,,
VP,look for little peace,4,Spiritual,Spiritual,,,,
VP,look for quiet place,4,Spiritual,Spiritual,,,,
VP,look like postcard,3,Aesthetic,Aesthetic,,,,
NP,lot of bird,3,Biological,Biological,,,,
NP,lot of birdlife,3,Biological,Biological,,,,
NP,lot of flora,3,Biological,Biological,,,,
NP,lot of fog,3,Identity,Identity,,,,
NP,lot of hummingbird,3,Biological,Biological,,,,
NP,lot of lagoon,3,Aesthetic,Aesthetic,,,,
NP,lot of lake,3,Identity,Identity,,,,
NP,lot of llama,3,Biological,Biological,,,,
NP,lot of peace,3,Spiritual,Spiritual,,,,
NP,lot of photo,3,Aesthetic,Aesthetic,,,,
NP,lot of vegetation,3,Biological,Biological,,,,
NP,lot of wildlife,3,Biological,Biological,,,,
VP,love fishing,2,Recreational,Recreational,,,,
VP,love hike,2,Recreational,Recreational,,,,
VP,love landscape,2,Aesthetic,Aesthetic,,,,
VP,love peace,2,Spiritual,Spiritual,,,,
VP,love view in peaceful place,5,Aesthetic,Aesthetic,,,,
NP,lovely area,2,Aesthetic,Aesthetic,,,,
NP,lovely hike,2,Recreational,Recreational,,,,
NP,lovely lake,2,Aesthetic,Aesthetic,,,,
NP,lovely little lake,3,Aesthetic,Aesthetic,,,,
NP,lovely national park,3,Aesthetic,Aesthetic,,,,
NP,lovely park,2,Aesthetic,Aesthetic,,,,
NP,lovely scenery,2,Aesthetic,Aesthetic,,,,
NP,lovely view,2,Aesthetic,Aesthetic,,,,
NP,lovely walk,2,Recreational,Recreational,,,,
NP,low cloud,2,Identity,Identity,,,,
NP,lush vegetation,2,Biological,Biological,,,,
NP,magic of nature,3,Spiritual,Spiritual,,,,
NP,magic place,2,Spiritual,Spiritual,,,,
NP,magical landscape,2,Aesthetic,Aesthetic,,,,
NP,magical place,2,Aesthetic,Spiritual,Y,"added, manually",,Y
NP,magical place,2,Spiritual,Spiritual,Y,,,Y
NP,magnificent Andes,2,Aesthetic,Aesthetic,Y,,CNP,
NP,magnificent Andes,2,Identity,Aesthetic,Y,"added, second frequent CES",CNP,
NP,magnificent mountain,2,Aesthetic,Aesthetic,,,,
NP,magnificent national park,3,Aesthetic,Aesthetic,,,,
NP,magnificent place,2,Aesthetic,Aesthetic,,,,
NP,magnificent view,2,Aesthetic,Aesthetic,,,,
NP,majestic lagoon,2,Aesthetic,Aesthetic,,,,
NP,majestic landscape,2,Aesthetic,Aesthetic,,,,
NP,majestic mountain,2,Aesthetic,Aesthetic,,,,
NP,majestic place,2,Aesthetic,Aesthetic,,,,
VP,make campfire,2,Recreational,Recreational,,,,
VP,make for perfect solo hiking,5,Recreational,Recreational,,,,
VP,make friend,2,Social,Social,,,,
VP,make new friend,3,Social,Social,,,,
NP,many animal,2,Biological,Biological,,,,
NP,many bird,2,Biological,Biological,,,,
NP,many different specie,3,Biological,Biological,,,,
NP,many flower,2,Biological,Biological,,,,
NP,many hiking trail,3,Recreational,Recreational,,,,
NP,many hummingbird,2,Biological,Biological,,,,
NP,many lagoon,2,Biological,Biological,,,,Y
NP,many lake,2,Aesthetic,Identity,Y,"replaced, manually",,Y
NP,many lake,2,Identity,Identity,Y,"replaced, manually",,Y
NP,many llama,2,Biological,Biological,,,CNP,
NP,many microclimate,2,Aesthetic,Aesthetic,,,,
NP,many outdoor activity,3,Recreational,Recreational,,,,
NP,many photo,2,Aesthetic,Aesthetic,,,,
NP,many picture,2,Aesthetic,Aesthetic,,,,
NP,many route,2,Recreational,Recreational,,,,
NP,many small lake,3,Identity,Identity,,,,
NP,many specie,2,Biological,Biological,,,,
NP,many trail,2,Recreational,Recreational,,,,Y
NP,many waterfall,2,Aesthetic,Aesthetic,,,,
NP,marked trail,2,Recreational,Recreational,,,,
VP,meet andean moorland,3,Identity,Identity,,,CNP,
VP,meet deer,2,Biological,Biological,,,,
VP,meet exotic landscape,3,Aesthetic,Aesthetic,,,,
VP,meet llama,2,Biological,Biological,,,CNP,
VP,meet other kind of people,5,Social,Social,,,,
VP,meet people,2,Social,Social,,,,
VP,meet people on way,4,Social,Social,,,,
VP,meet with family,3,Social,Social,,,,
VP,meet wonderful people,3,Social,Social,,,,
NP,memorable hike,2,Recreational,Recreational,,,,
NP,middle of mountain,3,Aesthetic,Aesthetic,,,,
NP,middle of nature,3,Spiritual,Spiritual,,,,
NP,migratory bird,2,Biological,Biological,,,,
NP,miniature forest,2,Identity,Identity,,,,
NP,moderate hike,2,Recreational,Recreational,,,,
NP,moment of peace,3,Spiritual,Spiritual,,,,
NP,moment with family,3,Social,Social,,,,
NP,moment with friend,3,Social,Social,,,,
NP,mother earth,2,Identity,Identity,,,,
NP,mountain and cloud,3,Aesthetic,Aesthetic,,,,
NP,mountain and lagoon,3,Identity,Identity,,,,
NP,mountain and lake,3,Identity,Identity,,,,Y
NP,mountain and trail,3,Recreational,Recreational,,,,
NP,mountain ecosystem,2,Biological,Biological,,,,
NP,mountain forest,2,Biological,Biological,,,,
NP,mountain lake,2,Aesthetic,Aesthetic,,,,
NP,mountain landscape,2,Aesthetic,Aesthetic,,,,
NP,mountain range,2,Identity,Identity,,,,Y
NP,mountain scenery,2,Aesthetic,Aesthetic,,,,
NP,mountain trout,2,Biological,Biological,,,CNP,
NP,mountain view,2,Aesthetic,Aesthetic,,,,
NP,mountain vista,2,Aesthetic,Aesthetic,,,,
NP,much beauty,2,Aesthetic,Aesthetic,,,,
NP,much peace,2,Spiritual,Spiritual,,,,
NP,multiple lagoon,2,Identity,Identity,,,,
NP,multiple trail,2,Recreational,Recreational,,,,
NP,mystical experience,2,Spiritual,Spiritual,,,,
NP,mystical place,2,Spiritual,Spiritual,,,,
NP,national and international title,4,Cultural,Cultural,,,,
NP,national reserve,2,Identity,Identity,,,,
NP,national treasure,2,Identity,Identity,,,CNP,
NP,native fauna,2,Biological,Biological,,,,
NP,native polylepis,2,Biological,Biological,,,CNP,
NP,natural beauty,2,Aesthetic,Aesthetic,,,,Y
NP,natural diversity,2,Identity,Identity,,,,
NP,natural environment,2,Biological,Biological,,,,
NP,natural habitat,2,Biological,Biological,,,,
NP,natural heritage,2,Identity,Identity,Y,,,
NP,natural heritage,2,Educational,Identity,Y,"added, second frequent CES",,
NP,natural history,2,Educational,Educational,,,,
NP,natural lagoon,2,Aesthetic,Aesthetic,,,,
NP,natural lake,2,Aesthetic,Aesthetic,,,,
NP,natural landscape,2,Aesthetic,Aesthetic,,,,
NP,natural paradise,2,Aesthetic,Aesthetic,,,,
NP,natural park,2,Identity,Identity,,,,Y
NP,natural reserve,2,Identity,Identity,,,,
NP,natural vegetation,2,Biological,Biological,,,,
NP,natural wonder,2,Identity,Identity,,,,Y
NP,nature and landscape,3,Aesthetic,Aesthetic,,,,
NP,nature and peace,3,Spiritual,Spiritual,,,,
NP,nature reserve,2,Biological,Biological,,,,
NP,new specie,2,Biological,Biological,,,,
NP,nice day trip,3,Recreational,Recreational,,,,
NP,nice hike,2,Recreational,Recreational,,,,
NP,nice hiking trail,3,Recreational,Recreational,,,,
NP,nice landscape,2,Aesthetic,Aesthetic,,,,
NP,nice rock formation,3,Identity,Identity,,,,
NP,nice scenery,2,Aesthetic,Aesthetic,,,,
NP,nice tour,2,Recreational,Recreational,,,,
NP,nice trail,2,Recreational,Recreational,,,,
NP,nice view,2,Aesthetic,Aesthetic,,,,Y
NP,nice walk,2,Recreational,Recreational,,,,Y
NP,number of lagoon,3,Identity,Identity,,,,
NP,number of lake,3,Identity,Identity,,,,
NP,number of waterfall,3,Aesthetic,Aesthetic,,,,
NP,numerous lake,2,Identity,Identity,,,,
VP,observe animal,2,Biological,Biological,,,,
VP,observe beautiful bird,3,Biological,Biological,,,,
VP,observe bird,2,Biological,Biological,,,,
VP,observe interesting plant,3,Biological,Biological,,,,
VP,observe lagoon,2,Identity,Identity,,,,
VP,observe landscape,2,Aesthetic,Aesthetic,,,,
VP,observe magic of nature in complete silence,7,Spiritual,Spiritual,,,,
VP,observe nature,2,Biological,Biological,,,,
VP,offer quiet relaxation,3,Spiritual,Spiritual,,,,
VP,offer spectacular view,3,Aesthetic,Aesthetic,,,,
NP,old brewery,2,Cultural,Cultural,,,,
NP,old daughter,2,Social,Social,,,,
NP,other animal,2,Biological,Biological,,,,
NP,other bird,2,Biological,Biological,,,,
NP,other specie,2,Biological,Biological,,,,
NP,outdoor activity,2,Recreational,Recreational,,,,
NP,outdoor pilgrimage,2,Recreational,Recreational,,,,
NP,overnight camping,2,Recreational,Recreational,,,,
NP,panoramic view,2,Aesthetic,Aesthetic,,,,
NP,paper forest,2,Biological,Biological,,,CNP,
NP,paper tree,2,Biological,Biological,,,CNP,Y
NP,paper tree forest,3,Biological,Biological,,,CNP,Y
NP,paradisiacal landscape,2,Aesthetic,Aesthetic,,,,
NP,paradisiacal place,2,Recreational,Recreational,,,,
NP,paramo landscape,2,Aesthetic,Aesthetic,Y,,CNP,
NP,paramo landscape,2,Biological,Aesthetic,Y,"added, second frequent CES",CNP,
NP,paramo vegetation,2,Biological,Biological,,,CNP,
NP,patch of forest,3,Biological,Biological,,,,
NP,peace and calm,3,Spiritual,Spiritual,,,,
NP,peace and harmony,3,Spiritual,Spiritual,,,,
NP,peace and serenity,3,Spiritual,Spiritual,,,,
NP,peace and spirituality,3,Spiritual,Spiritual,,,,
NP,peace and tranquility,3,Spiritual,Spiritual,,,,Y
NP,peace and wellbeing,3,Spiritual,Spiritual,,,,
NP,peace of mind,3,Spiritual,Spiritual,,,,
NP,peace of nature,3,Spiritual,Spiritual,,,,
NP,peace with nature,3,Spiritual,Spiritual,,,,
NP,peace without noise,3,Spiritual,Spiritual,,,,
NP,peaceful place,2,Spiritual,Spiritual,,,,
NP,peaty bog,2,Biological,Biological,,,,
NP,perfect landscape,2,Aesthetic,Aesthetic,,,,
NP,perfect place to clear mind,5,Spiritual,Spiritual,,,,
VP,perform various activity,3,Recreational,Recreational,,,,
NP,phenomenal place,2,Aesthetic,Aesthetic,,,,
NP,photo opportunity,2,Aesthetic,Aesthetic,,,,
VP,photograph amazing variety of plant,5,Aesthetic,Aesthetic,,,,
NP,physical beauty,2,Aesthetic,Aesthetic,,,,
NP,picnic with parent,3,Social,Social,,,,
NP,piece of heaven,3,Spiritual,Spiritual,,,,
VP,pilgrimage to,2,Recreational,Recreational,,,,
NP,place for hiking,3,Recreational,Recreational,,,,
NP,place for trekking,3,Recreational,Recreational,,,,
NP,place for walk,3,Recreational,Recreational,,,,
NP,place of peace,3,Spiritual,Spiritual,,,,
NP,place of pilgrimage,3,Spiritual,Spiritual,,,,
NP,place to admire beauty,4,Aesthetic,Aesthetic,,,,
NP,place to bring friend,4,Social,Social,,,,
NP,place to camp,3,Recreational,Recreational,,,,
NP,place to enjoy nature,4,Spiritual,Spiritual,,,,Y
NP,place to hike,3,Recreational,Recreational,,,,
NP,place to take photo,4,Aesthetic,Aesthetic,,,,
NP,plant and animal,3,Biological,Biological,,,,Y
NP,plant and animal life,4,Biological,Biological,,,,
NP,plant and bird,3,Biological,Biological,,,,
NP,plant and flower,3,Biological,Biological,,,,
NP,plant and tree,3,Biological,Biological,,,,
NP,plant life,2,Biological,Biological,,,,Y
NP,plenty of water,3,Aesthetic,Aesthetic,,,,
VP,point out miniature plant,4,Biological,Biological,,,,
VP,pollinate by,2,Educational,Educational,,,,
NP,polylepis forest,2,Biological,Biological,,,CNP,
NP,polylepis tree,2,Biological,Biological,,,CNP,
NP,pond and lagoon,3,Aesthetic,Aesthetic,,,,
VP,practice fishing,2,Recreational,Recreational,,,,
VP,practice sport,2,Recreational,Recreational,,,,
VP,practice sport fishing,3,Recreational,Recreational,,,,
VP,present unique landscape,3,Identity,Identity,,,,
VP,preserve natural monument,3,Identity,Identity,,,,
VP,preserve nature,2,Aesthetic,Aesthetic,,,,
NP,primary forest,2,Biological,Biological,,,,
NP,pristine environment,2,Aesthetic,Aesthetic,,,,
NP,pristine nature,2,Aesthetic,Aesthetic,,,,
NP,pristine view in Ecuador,4,Biological,Biological,,,CNP,
VP,protect delicate ecosystem,3,Biological,Biological,,,,
VP,protect sanctuary,2,Biological,Biological,,,,
VP,protect watershed,2,Biological,Biological,,,,
NP,pure air,2,Spiritual,Spiritual,,,,Y
NP,pure beauty,2,Aesthetic,Aesthetic,,,,
NP,pure nature,2,Aesthetic,Educational,Y,"added, manually",,Y
NP,pure nature,2,Educational,Educational,Y,,,Y
NP,pure tranquility,2,Spiritual,Spiritual,,,,
NP,pure water,2,Biological,Biological,,,,
NP,pure wilderness,2,Aesthetic,Aesthetic,,,,
NP,purity of air,3,Spiritual,Spiritual,,,,
NP,quiet place,2,Spiritual,Spiritual,,,,Y
NP,quinoa forest,2,Biological,Biological,,,,
NP,rain forest,2,Identity,Identity,,,,
VP,realize immensity of nature,4,Spiritual,Spiritual,,,,
VP,receive miracle,2,Spiritual,Spiritual,,,,
VP,reconnect with nature,3,Educational,Educational,,,,
NP,recreation of Lord,3,Spiritual,Spiritual,,,,
VP,relax and calm walk,4,Recreational,Recreational,,,,
VP,relax mind,2,Spiritual,Spiritual,,,,
VP,relax soul,2,Spiritual,Spiritual,,,,
VP,relax with view,3,Aesthetic,Aesthetic,,,,
VP,renew energy,2,Spiritual,Spiritual,,,,
VP,respect spectacular nature and silence,5,Spiritual,Spiritual,,,,
VP,rest from city,3,Spiritual,Spiritual,,,,
VP,rest from noise,3,Spiritual,Spiritual,,,,
VP,retain water,2,Educational,Recreational,,"replaced, second frequent CES",,
VP,reveal micro environment,3,Biological,Biological,,,,
VP,revitalize peace,2,Spiritual,Spiritual,,,,
NP,rice field,2,Biological,Biological,,,,
NP,richness in flora,3,Biological,Biological,,,,
VP,ride horse,2,Recreational,Recreational,,,,
VP,roam around,2,Recreational,Recreational,,,,
VP,roam through,2,Recreational,Recreational,,,,
NP,rock formation,2,Identity,Identity,,,,
NP,rocky landscape,2,Identity,Identity,,,,
NP,rocky mountain,2,Identity,Identity,,,,
VP,rugge mountain,2,Identity,Identity,,,,
NP,rugged nature,2,Identity,Identity,,,,
NP,rugged peak,2,Identity,Identity,,,,
NP,rugged terrain,2,Recreational,Recreational,,,,
VP,run into llama,3,Biological,Biological,,,CNP,
NP,rustic cabin,2,Identity,Identity,,,,
NP,sanctuary of virgin,3,Spiritual,Biological,,"replaced, manually",CNP,
NP,sanctuary of water,3,Spiritual,Spiritual,,,,
NP,sanctuary to virgin,3,Biological,Biological,,,CNP,
NP,scenery and wildlife,3,Biological,Biological,,,,
NP,scenic view,2,Aesthetic,Aesthetic,,,,
VP,search for gold,3,Recreational,Recreational,,,,
VP,seclude trail for peaceful walk,5,Recreational,Recreational,,,,
VP,see alpaca,2,Biological,Biological,,,CNP,
VP,see alpaca and llama,4,Biological,Biological,,,CNP,
VP,see animal,2,Biological,Biological,,,,
VP,see beautiful landscape,3,Aesthetic,Aesthetic,,,,
VP,see beautiful view,3,Aesthetic,Aesthetic,,,,
VP,see beauty,2,Aesthetic,Aesthetic,,,,
VP,see bird,2,Biological,Biological,,,,
VP,see cloud,2,Aesthetic,Aesthetic,,,,
VP,see condor,2,Biological,Biological,,,,
VP,see extraordinary dense forest,4,Aesthetic,Aesthetic,,,,
VP,see fairy,2,Biological,Biological,,,,
VP,see fairy and elf,4,Identity,Identity,,,,
VP,see hardy mountain resident,4,Identity,Identity,,,,
VP,see high altitude lagoon,4,Aesthetic,Aesthetic,,,,
VP,see lagoon,2,Identity,Identity,Y,,,
VP,see lagoon,2,Recreational,Identity,Y,"added, second frequent CES",,
VP,see lake,2,Aesthetic,Aesthetic,,,,Y
VP,see landscape,2,Aesthetic,Aesthetic,,,,
VP,see llama,2,Biological,Biological,,,,Y
VP,see lot of bird,4,Biological,Biological,,,,
VP,see many bird,3,Biological,Biological,,,,
VP,see many lake,3,Aesthetic,Aesthetic,,,,
VP,see many llama,3,Biological,Biological,,,CNP,
VP,see many waterfall,3,Aesthetic,Aesthetic,,,,
VP,see mountain,2,Aesthetic,Aesthetic,,,,
VP,see nature,2,Biological,Biological,,,,
VP,see rabbit,2,Biological,Biological,,,,
VP,see several bird,3,Biological,Biological,,,,
VP,see several lagoon,3,Aesthetic,Aesthetic,,,,
VP,see soul,2,Spiritual,Spiritual,,,,
VP,see spectacular landscape,3,Aesthetic,Aesthetic,,,,
VP,see spectacular mountain,3,Aesthetic,Aesthetic,,,,
VP,see tiny hummingbird nest,4,Biological,Biological,,,,
VP,see white hawk,3,Biological,Biological,,,,
VP,see wild llama,3,Biological,Biological,,,CNP,
VP,see wildlife,2,Biological,Biological,,,,
VP,see world treasure,3,Identity,Identity,,,,
VP,sell craft,2,Cultural,Recreational,,"replaced, manually",,
VP,serve to escape from everyday life,6,Spiritual,Spiritual,,,,
NP,several bird,2,Biological,Biological,,,,
NP,several hiking,2,Recreational,Recreational,,,,
NP,several hiking trail,3,Recreational,Recreational,,,,
NP,several lagoon,2,Identity,Identity,Y,,,Y
NP,several lagoon,2,Biological,Identity,Y,"added, second frequent CES",,Y
NP,several lake,2,Aesthetic,Aesthetic,,,,
NP,several llama,2,Biological,Biological,,,CNP,
NP,several route,2,Recreational,Recreational,,,,Y
NP,several specie,2,Biological,Biological,,,,
NP,several trail,2,Recreational,Recreational,,,,Y
VP,share lot of information about bird,6,Biological,Biological,,,,
VP,share moment of reflection,4,Spiritual,Spiritual,,,,
VP,share moment with friend,4,Social,Social,,,,
VP,share time with family,4,Social,Social,,,,
VP,share with child,3,Social,Social,,,,
VP,share with family,3,Social,Social,,,,
VP,share with tranquility,3,Spiritual,Spiritual,,,,
VP,share with tranquility of nature,5,Spiritual,Spiritual,,,,
NP,short hike,2,Recreational,Recreational,,,,Y
NP,short hike to see mountain,5,Recreational,Recreational,,,,
NP,short route,2,Recreational,Recreational,,,,
NP,short trail,2,Recreational,Recreational,,,,
NP,short walk,2,Recreational,Recreational,,,,Y
VP,sit by stream,3,Recreational,Recreational,,,,
VP,sit down for moment,4,Spiritual,Spiritual,,,,
VP,sit on edge of continental divide,6,Recreational,Recreational,,,,
VP,sit on grass,3,Recreational,Recreational,,,,
VP,sleep in tent,3,Recreational,Recreational,,,,
NP,small and large lake,4,Aesthetic,Aesthetic,,,,
NP,small flower,2,Biological,Biological,,,,
NP,small forest,2,Aesthetic,Aesthetic,,,,
NP,small hill,2,Aesthetic,Aesthetic,,,,
NP,small lagoon,2,Identity,Identity,,,,
NP,small lake,2,Aesthetic,Identity,Y,"added, manually",,Y
NP,small lake,2,Identity,Identity,Y,,,Y
NP,small river,2,Aesthetic,Aesthetic,,,,
NP,small stream,2,Identity,Identity,,,,
NP,small trail,2,Recreational,Recreational,,,,
NP,small walk,2,Recreational,Recreational,,,,
NP,small waterfall,2,Identity,Identity,,,,
NP,song of bird,3,Biological,Biological,,,,
NP,sound of bird,3,Biological,Biological,,,,
NP,source of inspiration,3,Spiritual,Spiritual,,,,
NP,south american condor,3,Biological,Biological,,,,
NP,southern Ecuador,2,Identity,Identity,,,CNP,
NP,space for family,3,Social,Social,,,,
NP,space for hiking,3,Recreational,Recreational,,,,
NP,space of peace,3,Spiritual,Spiritual,,,,
NP,special bird,2,Biological,Biological,,,,
NP,specie of bird,3,Biological,Biological,,,,
NP,specie of flora,3,Biological,Biological,,,,
NP,specie of hummingbird,3,Biological,Biological,,,,
NP,specie of orchid,3,Biological,Biological,,,,
NP,specie of plant,3,Biological,Biological,,,,
NP,specie of snake,3,Biological,Biological,,,,
NP,specie of vegetation,3,Biological,Biological,,,,
NP,species of plant,3,Biological,Biological,,,,
NP,specimen of flora,3,Biological,Biological,,,,
NP,spectacular lagoon,2,Identity,Identity,,,,
NP,spectacular landscape,2,Aesthetic,Aesthetic,,,,Y
NP,spectacular mountain valley,3,Aesthetic,Aesthetic,,,,
NP,spectacular natural area,3,Aesthetic,Aesthetic,,,,
NP,spectacular park,2,Identity,Identity,,,,
NP,spectacular photo,2,Aesthetic,Aesthetic,,,,
NP,spectacular place,2,Aesthetic,Aesthetic,,,,Y
NP,spectacular scenery,2,Aesthetic,Aesthetic,,,,Y
NP,spectacular view,2,Aesthetic,Aesthetic,,,,Y
NP,spectacular vista,2,Aesthetic,Aesthetic,,,,
VP,spend as family,3,Social,Social,,,,
VP,spend day hike,3,Recreational,Recreational,,,,
VP,spend day in park,4,Recreational,Recreational,,,,
VP,spend day in pure nature,5,Spiritual,Spiritual,,,,
VP,spend delightful day,3,Social,Social,,,,
VP,spend entire day,3,Recreational,Recreational,,,,
VP,spend few day,3,Recreational,Recreational,,,,
VP,spend few hour walk,4,Recreational,Recreational,,,,
VP,spend full day,3,Recreational,Recreational,,,,
VP,spend great time,3,Recreational,Recreational,,,,
VP,spend hour hike,3,Recreational,Recreational,,,,
VP,spend hour of hiking,4,Recreational,Recreational,,,,
VP,spend moment of relaxation,4,Spiritual,Spiritual,,,,
VP,spend morning with family,4,Social,Social,,,,
VP,spend night,2,Recreational,Recreational,,,,Y
VP,spend on trail,3,Recreational,Recreational,,,,
VP,spend several hour hike,4,Recreational,Recreational,,,,
VP,spend time hiking,3,Recreational,Recreational,,,,
VP,spend with family,3,Social,Social,,,,
NP,spiky vegetation,2,Biological,Biological,,,,
NP,spiritual connection,2,Spiritual,Spiritual,,,,
NP,spiritual peace,2,Spiritual,Spiritual,,,,
NP,spiritual place,2,Spiritual,Spiritual,,,,
NP,spiritual sanctuary,2,Spiritual,Spiritual,,,,
NP,spiritual seclusion,2,Spiritual,Spiritual,,,,
NP,spiritual site,2,Spiritual,Spiritual,,,,
NP,splendid landscape,2,Aesthetic,Aesthetic,,,,
NP,sport fish,2,Recreational,Recreational,,,,
NP,sport fishing,2,Recreational,Recreational,,,,Y
NP,sport fishing activity,3,Recreational,Recreational,,,,
NP,spot for birdwatching,3,Recreational,Recreational,,,,
NP,stark beauty,2,Aesthetic,Aesthetic,,,,
NP,starry sky,2,Aesthetic,Aesthetic,,,,
VP,start on trail,3,Recreational,Recreational,,,,
VP,stay camping,2,Recreational,Recreational,,,,
VP,stay overnight,2,Recreational,Recreational,,,,
NP,steep mountain,2,Aesthetic,Aesthetic,,,,
NP,stone mountain,2,Identity,Identity,,,,
VP,stop at viewpoint,3,Aesthetic,Aesthetic,,,,
VP,stop for lot of photo,5,Aesthetic,Aesthetic,,,,
VP,stop to take photo,4,Aesthetic,Aesthetic,,,,
VP,stop to take picture,4,Aesthetic,Aesthetic,,,,
NP,story of Lord,3,Spiritual,Spiritual,,,,
VP,straddle continental divide,3,Identity,Identity,,,,
NP,stream and lagoon,3,Identity,Identity,Y,,,
NP,stream and lagoon,3,Biological,Identity,Y,"added, second frequent CES",,
NP,stream and waterfall,3,Identity,Identity,,,,
VP,stroll around,2,Recreational,Recreational,,,,
NP,stroll around lake,3,Recreational,Recreational,,,,
VP,stroll down,2,Recreational,Recreational,,,,
VP,stroll through,2,Recreational,Recreational,,,,
VP,stroll through beautiful park,4,Recreational,Recreational,,,,
NP,stunning lake,2,Aesthetic,Aesthetic,,,,
NP,stunning landscape,2,Aesthetic,Aesthetic,,,,
NP,stunning mountain,2,Aesthetic,Aesthetic,,,,
NP,stunning paramo,2,Aesthetic,Aesthetic,,,CNP,
NP,stunning park,2,Identity,Identity,,,,
NP,stunning place,2,Aesthetic,Aesthetic,,,,
NP,stunning scenery,2,Aesthetic,Aesthetic,,,,
NP,stunning view,2,Aesthetic,Aesthetic,,,,
NP,stunning vista,2,Aesthetic,Aesthetic,,,,
NP,such beauty,2,Aesthetic,Aesthetic,,,,
NP,sugar cane,2,Biological,Biological,,,,
NP,surreal landscape,2,Aesthetic,Aesthetic,,,,
VP,surround by dense cloud,4,Aesthetic,Aesthetic,,,,
VP,surround by lake,3,Aesthetic,Aesthetic,,,,
VP,surround by mountain,3,Aesthetic,Aesthetic,,,,
VP,surround by nature,3,Spiritual,Spiritual,,,,
VP,surround by tranquility,3,Spiritual,Spiritual,,,,
VP,surround volcanic peak,3,Aesthetic,Aesthetic,,,,
VP,swim in,2,Recreational,Recreational,,,,
VP,swim in stream,3,Recreational,Recreational,,,,
NP,symbol of Andes,3,Identity,Identity,,,CNP,
VP,take amazing photo,3,Aesthetic,Aesthetic,,,,
VP,take day tour,3,Recreational,Recreational,,,,
VP,take day trip,3,Recreational,Recreational,,,,Y
VP,take easy trail,3,Recreational,Recreational,,,,
VP,take excursion,2,Recreational,Recreational,,,,
VP,take family photo,3,Social,Social,,,,
VP,take fishing rod,3,Recreational,Recreational,,,,
VP,take good photo,3,Aesthetic,Aesthetic,,,,
VP,take good photograph,3,Aesthetic,Aesthetic,,,,
VP,take great hike,3,Recreational,Recreational,,,,
VP,take high altitude walk,4,Recreational,Recreational,,,,
VP,take hike,2,Recreational,Recreational,,,,
VP,take long route,3,Recreational,Recreational,,,,
VP,take lot of photo,4,Aesthetic,Aesthetic,,,,
VP,take other trail,3,Recreational,Recreational,,,,
VP,take photo,2,Aesthetic,Aesthetic,,,,Y
VP,take photo of various plant,5,Biological,Biological,,,,
VP,take picture,2,Aesthetic,Aesthetic,,,,Y
VP,take plenty of photo,4,Recreational,Recreational,,,,
VP,take round walk,3,Recreational,Recreational,,,,
VP,take route,2,Recreational,Recreational,,,,
VP,take small walk,3,Recreational,Recreational,,,,
VP,take spectacular photo,3,Aesthetic,Aesthetic,,,,
VP,take trip,2,Recreational,Recreational,,,,
VP,take walk,2,Recreational,Recreational,,,,Y
VP,take with child,3,Social,Social,,,,
NP,tall grass,2,Biological,Biological,,,,
NP,thick fog,2,Aesthetic,Aesthetic,Y,,,
NP,thick fog,2,Identity,Aesthetic,Y,"added, second frequent CES",,
NP,thin air,2,Identity,Identity,,,,
NP,thousand of specie,3,Biological,Biological,,,,
NP,time with family,3,Social,Social,,,,
NP,tiny flower,2,Biological,Biological,,,,
NP,tiny orchid,2,Biological,Biological,,,,
NP,top of Andes,3,Identity,Identity,,,,
NP,touch of God,3,Spiritual,Spiritual,,,,
NP,touch with nature,3,Spiritual,Spiritual,,,,Y
NP,tough hike,2,Recreational,Recreational,,,,
VP,tour nature,2,Recreational,Recreational,,,,
VP,tour park,2,Recreational,Recreational,,,,
NP,trail and mountain,3,Identity,Identity,,,,
NP,trail around lake,3,Recreational,Recreational,,,,
NP,trail to hike,3,Recreational,Recreational,,,,
NP,tranquility for day,3,Spiritual,Spiritual,,,,
NP,tranquility of nature,3,Spiritual,Spiritual,,,,
NP,tranquility of place,3,Spiritual,Spiritual,,,,
NP,tranquility peace,2,Spiritual,Spiritual,,,,
NP,transparent water,2,Aesthetic,Aesthetic,,,,
VP,travel out to park with friend,6,Social,Social,,,,
VP,traverse beautiful scenery,3,Aesthetic,Aesthetic,,,,
NP,treasure of Ecuador,3,Identity,Identity,,,CNP,
NP,treasure of nature,3,Identity,Identity,,,,
NP,tree and flower,3,Biological,Biological,,,,
NP,tree line,2,Biological,Biological,,,,
NP,tree specie,2,Biological,Biological,,,,
VP,trek around,2,Recreational,Recreational,,,,
VP,trek easy trail,3,Recreational,Recreational,,,,
VP,trek from,2,Recreational,Recreational,,,,
VP,trek hike,2,Recreational,Recreational,,,,
VP,trek in,2,Recreational,Recreational,,,,
VP,trek in dream place,4,Recreational,Recreational,,,,
NP,trekking and camping,3,Recreational,Recreational,,,,
NP,trout dish,2,Recreational,Recreational,,,CNP,
NP,trout fishing,2,Recreational,Recreational,,,,Y
NP,trout for lunch,3,Recreational,Recreational,,,CNP,
NP,trout in lake,3,Biological,Biological,,,,
NP,trout lunch,2,Recreational,Recreational,,,,Y
VP,try local cuisine,3,Cultural,Social,,"replaced, second frequent CES",,
NP,type of bird,3,Biological,Biological,,,,
NP,type of opossum,3,Biological,Biological,,,,
NP,type of orchid,3,Biological,Biological,,,,
NP,typical andean paramo,3,Identity,Identity,,,CNP,
NP,unbeatable landscape,2,Aesthetic,Aesthetic,,,,
NP,unexpected landscape,2,Aesthetic,Aesthetic,,,,
NP,unforgettable landscape,2,Aesthetic,Aesthetic,,,,
NP,unique and magical place,4,Aesthetic,Aesthetic,,,,
NP,unique area,2,Identity,Identity,,,,
NP,unique climate,2,Identity,Identity,,,,
NP,unique ecosystem,2,Identity,Identity,Y,,,
NP,unique ecosystem,2,Biological,Identity,Y,"added, second frequent CES",,
NP,unique flora,2,Biological,Biological,,,,Y
NP,unique high altitude,3,Identity,Identity,,,,
NP,unique landscape,2,Aesthetic,Aesthetic,,,,Y
NP,unique mountain,2,Identity,Identity,,,,
NP,unique nature,2,Identity,Identity,,,,
NP,unique part of Ecuadorian Andes,5,Aesthetic,Aesthetic,,,CNP,
NP,unique place,2,Identity,Identity,,,,Y
NP,unique place in Andes,4,Aesthetic,Aesthetic,,,CNP,
NP,unique place in Ecuador,4,Identity,Identity,,,CNP,
NP,unique plant,2,Biological,Biological,,,,
NP,unique plant life,3,Biological,Biological,,,,
NP,unique vegetation,2,Biological,Biological,,,,
NP,unique view,2,Identity,Identity,,,,
NP,unmissable place,2,Identity,Identity,,,,
NP,unparalleled landscape,2,Aesthetic,Aesthetic,,,,
NP,untouched nature,2,Biological,Biological,,,,
NP,variety of animal,3,Biological,Biological,,,,
NP,variety of bird,3,Biological,Biological,,,,
NP,variety of flora,3,Biological,Biological,,,,
NP,variety of flower,3,Biological,Biological,,,,
NP,variety of lagoon,3,Biological,Biological,,,,
NP,variety of lake,3,Aesthetic,Aesthetic,,,,
NP,variety of lichen,3,Biological,Biological,,,,
NP,variety of plant,3,Biological,Biological,,,,
NP,variety of vegetation,3,Biological,Biological,,,,
NP,variety of wildlife,3,Biological,Biological,,,,
NP,various activity,2,Recreational,Recreational,,,,
NP,various bird,2,Biological,Biological,,,,
NP,various plant,2,Biological,Biological,,,,
NP,various trail,2,Recreational,Recreational,,,,
NP,vegetation and animal,3,Biological,Biological,,,,
NP,vegetation and fauna,3,Biological,Biological,,,,
VP,venture off on hike,4,Recreational,Recreational,,,,
NP,view and lake,3,Aesthetic,Aesthetic,,,,
NP,view and landscape,3,Aesthetic,Aesthetic,,,,
NP,view from top,3,Aesthetic,Aesthetic,,,,
NP,view of lagoon,3,Aesthetic,Aesthetic,,,,
NP,view of lake,3,Aesthetic,Aesthetic,,,,
NP,view of mountain,3,Aesthetic,Aesthetic,,,,
NP,view of park,3,Aesthetic,Aesthetic,,,,
VP,visit as family,3,Social,Social,,,,
VP,visit beautiful place,3,Aesthetic,Aesthetic,,,,
VP,visit high elevation,3,Identity,Identity,,,,
VP,visit high point,3,Recreational,Recreational,,,,
VP,visit national treasure,3,Identity,Identity,,,,
VP,visit park full of peace,5,Spiritual,Spiritual,,,,
VP,visit sanctuary,2,Spiritual,Spiritual,,,,
VP,visit shrine,2,Spiritual,Spiritual,,,,
NP,visit to sanctuary,3,Recreational,Recreational,,,,
VP,visit with family,3,Social,Social,,,,
VP,visit with friend,3,Social,Social,,,,
NP,volcanic activity,2,Identity,Identity,,,,
VP,walk about,2,Recreational,Recreational,,,,
NP,walk and fishing,3,Recreational,Recreational,,,,
VP,walk around,2,Recreational,Recreational,,,CNP,Y
VP,walk around lagoon,3,Recreational,Recreational,,,,
NP,walk around lake,3,Recreational,Recreational,,,,Y
VP,walk bit,2,Recreational,Recreational,,,,
VP,walk by lake,3,Recreational,Recreational,,,,
VP,walk calmly,2,Recreational,Recreational,,,,
VP,walk for,2,Recreational,Recreational,,,CNP,Y
VP,walk in,2,Recreational,Recreational,,,CNP,Y
VP,walk little bit,3,Recreational,Recreational,,,,
VP,walk little on mountain,4,Recreational,Recreational,,,,
VP,walk lot,2,Recreational,Recreational,,,,
VP,walk many trail,3,Recreational,Recreational,,,,
VP,walk off main path,4,Recreational,Recreational,,,,
VP,walk on,2,Recreational,Recreational,,,CNP,Y
VP,walk on trail,3,Recreational,Recreational,,,,
VP,walk part of trail,4,Recreational,Recreational,,,,
VP,walk path,2,Recreational,Recreational,,,,
VP,walk several of trail,4,Recreational,Recreational,,,,
VP,walk short distance,3,Recreational,Recreational,,,,
VP,walk slowly,2,Recreational,Recreational,,,,Y
VP,walk through,2,Recreational,Recreational,,,CNP,Y
VP,walk through paper tree forest,5,Aesthetic,Aesthetic,,,CNP,
VP,walk to,2,Recreational,Recreational,,,,Y
NP,walk towards lagoon,3,Recreational,Recreational,,,,
VP,walk trail,2,Recreational,Recreational,,,,Y
VP,walk up,2,Recreational,Recreational,,,,Y
VP,walk way,2,Recreational,Recreational,,,,
VP,walk whole time,3,Recreational,Recreational,,,,
VP,walk whole way,3,Recreational,Recreational,,,,
VP,walk with family,3,Social,Social,,,,
NP,walk with friend,3,Recreational,Recreational,,,,
NP,walking tour,2,Recreational,Recreational,,,,
VP,wander around,2,Recreational,Recreational,,,,
VP,wander in,2,Recreational,Recreational,,,,
VP,wander off trail,3,Recreational,Recreational,,,,
VP,want peaceful encounter with nature,5,Spiritual,Spiritual,,,,
VP,watch butterfly,2,Biological,Biological,,,,
NP,water reserve,2,Identity,Identity,,,,
NP,water source,2,Identity,Identity,,,,
NP,waterfall and lagoon,3,Aesthetic,Aesthetic,,,,
NP,waterfall and stream,3,Aesthetic,Aesthetic,,,,
NP,weather change,2,Biological,Biological,,,,
NP,whole family,2,Social,Social,,,,
NP,wild alpaca,2,Biological,Biological,,,CNP,
NP,wild animal,2,Biological,Biological,,,,
NP,wild fauna,2,Biological,Biological,,,,
NP,wild flower,2,Biological,Biological,,,,
NP,wild horse,2,Biological,Biological,,,,
NP,wild llama,2,Biological,Biological,,,CNP,Y
NP,wild nature,2,Biological,Biological,,,,
NP,wild place,2,Identity,Identity,,,,
NP,wilderness adventure,2,Identity,Identity,,,,
NP,wilderness view,2,Aesthetic,Aesthetic,,,,
NP,wonder of landscape,3,Aesthetic,Aesthetic,,,,
NP,wonder of nature,3,Aesthetic,Aesthetic,,,,Y
NP,wonder of world,3,Aesthetic,Aesthetic,,,,
NP,wonderful cloud,2,Aesthetic,Aesthetic,,,,
NP,wonderful hike,2,Recreational,Recreational,,,,
NP,wonderful hiking,2,Recreational,Recreational,,,,
NP,wonderful landscape,2,Aesthetic,Aesthetic,,,,Y
NP,wonderful nature,2,Aesthetic,Aesthetic,,,,
NP,wonderful park,2,Identity,Identity,,,,
NP,wonderful place,2,Aesthetic,Aesthetic,,,,Y
NP,wonderful plant,2,Biological,Biological,,,,
NP,wonderful river,2,Aesthetic,Aesthetic,,,,
NP,wonderful scenery,2,Aesthetic,Aesthetic,,,,
NP,wonderful view,2,Aesthetic,Aesthetic,,,,
NP,wonderful walk,2,Recreational,Recreational,,,,
NP,world heritage,2,Cultural,Cultural,,,,
NP,world heritage site,3,Cultural,Cultural,,,,
NP,world treasure,2,Identity,Identity,,,,
NP,worth hike,2,Recreational,Recreational,,,,
NP,young child,2,Social,Social,,,,
